{
  "requirements": [
    {
      "name": "pe",
      "versionRequirement": ">= 3.0.0 & < 2015.4.0"
    },
    {
      "name": "puppet",
      "versionRequirement": ">= 3.0.0 & < 5.0.0"
    }
  ],
  "operatingSystemSupport": [
    {
      "operatingSystem": "RedHat",
      "releaseVersions": [
        "6",
        "7"
      ]
    },
    {
      "operatingSystem": "CentOS",
      "releaseVersions": [
        "6",
        "7"
      ]
    },
    {
      "operatingSystem": "Debian",
      "releaseVersions": [
        "7.8",
        "8"
      ]
    },
    {
      "operatingSystem": "Ubuntu",
      "releaseVersions": [
        "12.04",
        "14.04"
      ]
    }
  ],
  "classes": [
    {
      "id": "asm_test",
      "componentValid": {
        "valid": true
      },
      "name": "asm_test",
      "type": "SERVICE",
      "teardown": false,
      "resources": [
        {
          "id": "asm_test",
          "displayName": "asm_test",
          "parameters": []
        }
      ]
    }
  ],
  "types": [
    {
      "id": "component-say_something",
      "componentValid": {
        "valid": true
      },
      "name": "say_something",
      "type": "SERVICE",
      "teardown": false,
      "resources": [
        {
          "id": "say_something",
          "displayName": "say_something",
          "parameters": [
            {
              "id": "title",
              "type": "STRING",
              "displayName": "Title",
              "required": true
            },
            {
              "id": "ensure",
              "type": "STRING",
              "value": "present",
              "displayName": "Ensure",
              "required": true
            }
          ]
        }
      ]
    },
    {
      "id": "component-say_something2",
      "componentValid": {
        "valid": true
      },
      "name": "say_something2",
      "type": "SERVICE",
      "teardown": false,
      "resources": [
        {
          "id": "say_something2",
          "displayName": "say_something2",
          "parameters": [
            {
              "id": "title",
              "type": "STRING",
              "displayName": "Title 2",
              "required": true
            },
            {
              "id": "ensure",
              "type": "STRING",
              "value": "present",
              "displayName": "ensure",
              "required": true
            }
          ]
        }
      ]
    }
  ]
}